[
    {
        "id": "0",
        "grape": "Tempranillo,Merlot",
        "name": "Semele 2015",
        "owner": "Bodegas Montebaco",
        "points": "3.5",
        "price": "8,70 €",
        "type": "Vino tinto crianza, Ribera del Duero (España)",
        "images": ["0.jpg", "1.png"],
        "info_bottle": "0,75 L",
        "info_do": "Ribera del Duero (España)",
        "info_text": "No resulta nada sencillo destacar elaborando vinos en la DO Ribera del Duero, pues son muchas las bodegas que ofrecen productos fantásticos. Sin embargo, muy de vez en cuando, un vino irrumpe con fuerza en el mercado y pronto está en boca de todos; tal es el caso del Semele. Se trata de un tinto de insuperable relación precio-placer, elaborado siguiendo los mismos cuidados empleados con los vinos de gama alta por Bodegas Montebaco. Únicamente el perfecto conocimiento de la uva por parte de sus enólogos y viticultores nos permite deleitarnos con un vino de calidad indiscutible añada tras añada. Afrutado, mineral, de taninos dulces y elegantes, el Semele es un vino para gozar sin justificaciones, simplemente porque nos gusta el buen vino.",
        "info_pairing": "Bistec a la pimienta / conejo a la brasa / queso manchego curado / quesos viejos",
        "info_elaboration": "Envejecimiento: Envejecido durante 12 meses en barricas de roble.",
        "info_recommendations": "Temperatura de servicio óptima: Entre 14ºC y 16ºC"
    },

    {
        "id": "1",
        "grape": "Tempranillo,Merlot",
        "name": "Caca 2015",
        "owner": "Bodegas Montebaco",
        "points": "4.8",
        "price": "8,70 €",
        "type": "Vino tinto crianza, Ribera del Duero (España)",
        "images": ["0.jpg", "1.png"],
        "info_bottle": "0,75 L",
        "info_do": "Ribera del Duero (España)",
        "info_text": "No resulta nada sencillo destacar elaborando vinos en la DO Ribera del Duero, pues son muchas las bodegas que ofrecen productos fantásticos. Sin embargo, muy de vez en cuando, un vino irrumpe con fuerza en el mercado y pronto está en boca de todos; tal es el caso del Semele. Se trata de un tinto de insuperable relación precio-placer, elaborado siguiendo los mismos cuidados empleados con los vinos de gama alta por Bodegas Montebaco. Únicamente el perfecto conocimiento de la uva por parte de sus enólogos y viticultores nos permite deleitarnos con un vino de calidad indiscutible añada tras añada. Afrutado, mineral, de taninos dulces y elegantes, el Semele es un vino para gozar sin justificaciones, simplemente porque nos gusta el buen vino.",
        "info_pairing": "Bistec a la pimienta / conejo a la brasa / queso manchego curado / quesos viejos",
        "info_elaboration": "Envejecimiento: Envejecido durante 12 meses en barricas de roble.",
        "info_recommendations": "Temperatura de servicio óptima: Entre 14ºC y 16ºC"
    },

    {
        "id": "2",
        "grape": "Tempranillo,Merlot",
        "name": "Otro 2015",
        "owner": "Bodegas Montebaco",
        "points": "4.8",
        "price": "8,70 €",
        "type": "Vino tinto crianza, Ribera del Duero (España)",
        "images": ["0.jpg", "1.png"],
        "info_bottle": "0,75 L",
        "info_do": "Ribera del Duero (España)",
        "info_text": "No resulta nada sencillo destacar elaborando vinos en la DO Ribera del Duero, pues son muchas las bodegas que ofrecen productos fantásticos. Sin embargo, muy de vez en cuando, un vino irrumpe con fuerza en el mercado y pronto está en boca de todos; tal es el caso del Semele. Se trata de un tinto de insuperable relación precio-placer, elaborado siguiendo los mismos cuidados empleados con los vinos de gama alta por Bodegas Montebaco. Únicamente el perfecto conocimiento de la uva por parte de sus enólogos y viticultores nos permite deleitarnos con un vino de calidad indiscutible añada tras añada. Afrutado, mineral, de taninos dulces y elegantes, el Semele es un vino para gozar sin justificaciones, simplemente porque nos gusta el buen vino.",
        "info_pairing": "Bistec a la pimienta / conejo a la brasa / queso manchego curado / quesos viejos",
        "info_elaboration": "Envejecimiento: Envejecido durante 12 meses en barricas de roble.",
        "info_recommendations": "Temperatura de servicio óptima: Entre 14ºC y 16ºC"
    }
]
